well,absorbance
A1,0.285
A2,1.533
A3,1.387
A4,0.496
A5,0.917
A6,0.837
A7,1.190
A8,1.430
A9,0.214
A10,0.100
A11,1.513
A12,0.807
B1,1.384
B2,0.054
B3,0.829
B4,1.313
B5,0.450
B6,1.704
B7,1.627
B8,0.104
B9,0.095
B10,0.997
B11,1.694
B12,0.717
C1,0.429
C2,0.789
C3,0.101
C4,0.438
C5,0.816
C6,0.918
C7,0.458
C8,0.454
C9,0.433
C10,0.854
C11,0.557
C12,0.088
D1,1.516
D2,1.024
D3,1.174
D4,0.375
D5,1.787
D6,1.555
D7,0.262
D8,0.632
D9,1.313
D10,1.295
D11,1.689
D12,0.789
E1,1.503
E2,1.223
E3,0.581
E4,1.078
E5,1.594
E6,1.531
E7,0.934
E8,1.081
E9,0.110
E10,0.475
E11,1.445
E12,0.775
F1,0.353
F2,1.010
F3,1.280
F4,1.230
F5,0.706
F6,0.818
F7,0.940
F8,1.412
F9,0.962
F10,0.738
F11,0.907
F12,0.102
G1,0.126
G2,1.281
G3,1.771
G4,1.088
G5,0.739
G6,0.348
G7,0.929
G8,1.769
G9,1.398
G10,0.994
G11,1.556
G12,0.456
H1,0.949
H2,1.717
H3,1.061
H4,0.853
H5,0.521
H6,1.009
H7,1.725
H8,0.060
H9,1.421
H10,1.486
H11,1.601
H12,1.346
